name,website,description,logo,country,country_code,advertising,data,e_commerce,media,network_communications,publishing,smart_cities,web_of_things,filename_prefix,about_link,llm_sector
Centre For Accessibility Australia,https://www.accessibility.org.au,"The Centre for Accessibility Australia (CFA Australia) is an award-winning not-for-profit organisation that promotes accessibility throughout Australia. We support the continuing development of web standards that incorporate digital accessibility, so that people with disability can have equal access to technology and the internet.",https://www.w3.org/thumbnails/120/logos/organizations/140697.png?x-version=1,Australia,AU,,,,,,,,,www-accessibility-org-au,https://www.accessibility.org.au/about/,Nonprofit organization
Intopia,http://intopia.digital/,,,Australia,AU,,,,,,,,,intopia-digital,http://intopia.digital/about-us,Nonprofit organization
KurrawongAI,https://kurrawong.ai,"KurrawongAI is a Semantic Web & AI consulting, development and operations company that works within the W3C to improve and promote the use of Internet standards. KurrawongAI staff have previously edited W3C Recommendations and are currently involved in standards Working Groups.",https://www.w3.org/thumbnails/120/logos/organizations/157522.png?x-version=1,Australia,AU,0.0,1.0,0.0,0.0,0.0,0.0,0.0,0.0,kurrawong-ai,,Small/medium enterprise
Pyx Industries,https://pyx.io,,,Australia,AU,,,,,,,,,pyx-io,https://pyx.io/howwehelp.html,Nonprofit organization
Universities Admissions Centre,https://www.uac.edu.au/,,,Australia,AU,0.0,1.0,0.0,0.0,0.0,0.0,0.0,0.0,www-uac-edu-au,https://www.uac.edu.au/about,Nonprofit organization
Vision Australia,http://www.visionaustralia.org.au,Vision Australia is a leading national provider of blindness and low vision services in Australia. We work in partnership with Australians who are blind or have low vision to help them achieve the possibilities they choose in life.,https://www.w3.org/thumbnails/120/logos/organizations/33727.png?x-version=3,Australia,AU,,,,,,,,,www-visionaustralia-org-au,http://www.visionaustralia.org.au/about-us/careers,Nonprofit organization
Danube Tech GmbH,https://danubetech.com/,"Commitment to the open W3C standardization work around Decentralized Identifiers and Verifiable Credentials is essential for Danube Tech's business objectives, as well as important for humanity and the web as a whole.",https://www.w3.org/thumbnails/120/logos/organizations/117162.png?x-version=4,Austria,AT,0.0,1.0,0.0,0.0,0.0,0.0,0.0,0.0,danubetech-com,,Large enterprise
Fabasoft,https://www.fabasoft.com/en,"Fabasoft is one of the leading software companies and cloud service providers for digital documents, process and file management in Europe.
We focus on accessibility and ease of use in all our products. Our commitment to accessibility and usability, to data protection and information security, provides the basis for our cooperation with W3C.",https://www.w3.org/thumbnails/120/logos/organizations/89490.png?x-version=1,Austria,AT,,,,,,,,,www-fabasoft-com,https://www.fabasoft.com/en/about-us,Large enterprise
WU (Wirschaftsuniversität Wien) - Vienna University of Economics and Business,https://www.wu.ac.at/,,https://www.w3.org/thumbnails/120/logos/organizations/68381.png?x-version=1,Austria,AT,0.0,1.0,0.0,0.0,0.0,0.0,0.0,1.0,www-wu-ac-at,,Academia
Digitaal Vlaanderen,https://www.vlaanderen.be/digitaal-vlaanderen,,https://www.w3.org/thumbnails/120/logos/organizations/72870.png?x-version=2,Belgium,BE,0.0,1.0,0.0,0.0,0.0,0.0,1.0,0.0,www-vlaanderen-be,,Government
GS1,http://www.gs1.org/,,,Belgium,BE,0.0,1.0,0.0,0.0,0.0,0.0,0.0,0.0,www-gs1-org,,Nonprofit organization
IAB Europe,https://iabeurope.eu,,,Belgium,BE,1.0,0.0,0.0,0.0,0.0,0.0,0.0,0.0,iabeurope-eu,https://iabeurope.eu/about-us,Nonprofit organization
imec,https://www.imec-int.com/,"Flanders' research institute imec is devoted to Open Standards and Open Source since we joined the W3C Consortium back in 2000. Since then, a.o., we’ve been leading & contributing to the Media Fragments, Provenance, Solid, and Knowledge Construction WGs.",https://www.w3.org/thumbnails/120/logos/organizations/38525.png?x-version=3,Belgium,BE,0.0,1.0,0.0,1.0,0.0,0.0,0.0,1.0,www-imec-int-com,https://www.imec-int.com/en/about-us,Academia
ISO 20022 Registration Authority,http://www.iso20022.org/,,,Belgium,BE,0.0,0.0,1.0,0.0,0.0,0.0,0.0,0.0,www-iso20022-org,,Nonprofit organization
VITO,https://vito.be/en,,,Belgium,BE,,,,,,,,,vito-be,https://vito.be/en/about-vito,Nonprofit organization
NIC.br - Brazilian Network Information Center,http://www.cgi.br,,,Brazil,BR,0.0,1.0,0.0,0.0,1.0,1.0,0.0,0.0,www-cgi-br,http://www.cgi.br/about/,Nonprofit organization
Ontotext,https://www.ontotext.com,"Ontotext is a global leader in enterprise knowledge graph technology and developer of GraphDB - an enterprise-ready semantic database engine. We combine data and content together in big knowledge graphs to allow better interlinking, interpreting, analyzing and reuse.",,Bulgaria,BG,0.0,1.0,0.0,0.0,0.0,0.0,0.0,0.0,www-ontotext-com,https://www.ontotext.com/about-us/,Small/Medium Enterprise
QualiBooth,https://qualibooth.com/,"At QualiBooth, our goal is to make the internet accessible to all. As W3C members, we support and contribute to the development of open web standards, which guide us in creating innovative, inclusive digital solutions",https://www.w3.org/thumbnails/120/logos/organizations/155185.png?x-version=1,Bulgaria,BG,,,,,,,,,qualibooth-com,https://qualibooth.com/about-us,Small/Medium Enterprise
1Password,https://1password.com/,,https://www.w3.org/thumbnails/120/logos/organizations/131682.png?x-version=1,Canada,CA,0.0,1.0,1.0,0.0,0.0,0.0,0.0,0.0,1password-com,https://1password.com/company,Small/Medium Enterprise
Common Approach to Impact Measurement,https://www.commonapproach.org,"The Common Approach to Impact Measurement is working towards better impact measurement for social purpose organizations. At the W3C, we are keen to advance topics such as impact measurement and data ontologies, interoperability, ethics and governance, with a view to also publishing our own Common Impact Data Standard with the community.",https://www.w3.org/thumbnails/120/logos/organizations/135646.png?x-version=2,Canada,CA,,,,,,,,,www-commonapproach-org,https://www.commonapproach.org,Technical community
Crawford Technologies,http://www.crawfordtech.com,"Crawford Technologies helps businesses and governments of all sizes build a culture of inclusivity by providing the necessary software and services tailored to meet their document accessibility needs. Being a W3C member enables us to support the mission of W3C, stay informed and contribute to the development of emerging accessibility web standards.",https://www.w3.org/thumbnails/120/logos/organizations/128554.png?x-version=4,Canada,CA,,,,,,,,,www-crawfordtech-com,https://crawfordtech.com/about-us/,Large enterprise
eBOUND Canada,https://www.eboundcanada.org/,,,Canada,CA,0.0,0.0,0.0,0.0,0.0,1.0,0.0,0.0,www-eboundcanada-org,https://www.eboundcanada.org/about-us/,Nonprofit organization
GrackleDocs,https://www.grackledocs.com/,,,Canada,CA,,,,,,,,,www-grackledocs-com,https://www.grackledocs.com/en/about-grackledocs/,Nonprofit organization
Mavennet Systems Inc.,https://www.mavennet.com,,,Canada,CA,0.0,1.0,0.0,0.0,0.0,0.0,0.0,0.0,www-mavennet-com,https://www.mavennet.com/about,Small/medium enterprise
Natural Resources Canada,https://www.nrcan.gc.ca/,"Natural Resources Canada - 
Ressources naturelles Canada",https://www.w3.org/thumbnails/120/logos/organizations/80863.png?x-version=1,Canada,CA,0.0,1.0,0.0,0.0,0.0,0.0,0.0,0.0,www-nrcan-gc-ca,https://www.nrcan.gc.ca/about,Government
Shopify,https://www.shopify.com,,https://www.w3.org/thumbnails/120/logos/organizations/79706.png?x-version=1,Canada,CA,1.0,0.0,1.0,1.0,1.0,0.0,0.0,0.0,www-shopify-com,https://www.shopify.com/about,Large enterprise
Thomson Reuters Corp.,https://www.thomsonreuters.com/,,,Canada,CA,,,,,,,,,www-thomsonreuters-com,https://www.thomsonreuters.com/en/about-us,Large enterprise
360,https://www.360.cn/,,,China,CN,0.0,1.0,1.0,0.0,1.0,0.0,0.0,1.0,www-360-cn,http://www.360.cn/about/index.html,Large enterprise
Alibaba Group,http://www.alibabagroup.com/en/global/home,,,China,CN,1.0,1.0,1.0,1.0,1.0,0.0,0.0,1.0,www-alibabagroup-com,http://www.alibabagroup.com/en-US/about-alibaba,Large enterprise
"Ant Group Co., Ltd.",https://www.antgroup.com/,,,China,CN,0.0,0.0,1.0,1.0,0.0,0.0,0.0,0.0,www-antgroup-com,,Large enterprise
"Baidu, Inc.",http://www.baidu.com/,,,China,CN,1.0,1.0,0.0,1.0,1.0,0.0,0.0,0.0,www-baidu-com,http://ir.baidu.com,Large enterprise
Beihang University,http://www.buaa.edu.cn,,,China,CN,,,,,,,,,www-buaa-edu-cn,,Academia
"Beijing Haitai Fangyuan Technologies Co,.Ltd.",http://www.haitaichina.com/,,,China,CN,,,,,,,,,www-haitaichina-com,,Large enterprise
ByteDance,https://bytedance.com/,,,China,CN,1.0,1.0,0.0,1.0,1.0,0.0,0.0,1.0,bytedance-com,,Large enterprise
China Academy of Information and Communications Technology (CAICT),http://www.caict.ac.cn/english/,,,China,CN,0.0,1.0,0.0,0.0,0.0,0.0,0.0,0.0,www-caict-ac-cn,,Government
China Electronics Standardization Institute（中国电子技术标准化研究院）,http://www.cesi.cn/page/index.html,,,China,CN,,,,,,,,,www-cesi-cn,,Nonprofit organization
China Mobile Communications Corporation,http://www.chinamobileltd.com/en/global/home.php,,,China,CN,0.0,0.0,0.0,1.0,1.0,0.0,1.0,1.0,www-chinamobileltd-com,http://www.chinamobileltd.com/en/about/awards.php,Large enterprise
Chinese Academy of Sciences,http://www.cas.cn,,,China,CN,0.0,1.0,0.0,0.0,0.0,0.0,0.0,0.0,www-cas-cn,,Academia
DappWorks Technology Inc.,https://www.dappworks.cn,,,China,CN,1.0,1.0,0.0,1.0,1.0,0.0,0.0,0.0,www-dappworks-cn,,Large enterprise
Dingdao,http://www.dingdao.com,,,China,CN,,,,,,,,,www-dingdao-com,,Large enterprise
ESWIN,http://www.eswincomputing.com,,,China,CN,,,,,,,,,www-eswincomputing-com,https://www.eswincomputing.com/about.html,Small/medium enterprise
Finogeeks,https://www.finogeeks.com/,,,China,CN,,,,,,,,,www-finogeeks-com,https://www.finogeeks.com/about.html,Small/Medium Enterprise
Huawei,http://www.huawei.com,,https://www.w3.org/thumbnails/120/logos/organizations/49753.png?x-version=2,China,CN,1.0,0.0,1.0,1.0,1.0,0.0,0.0,1.0,www-huawei-com,http://www.huawei.com/en/about-huawei,Large enterprise
InclusionX 融合加科技,http://inclusionx.cn,,,China,CN,,,,,,,,,inclusionx-cn,,Large enterprise
"Jiangsu TPBlock Technology Co., Ltd. （江苏第三极区块链科技有限公司）",https://tpblock.cn,"As a leading domestic blockchain technology and software application product development company, Disanji with full-service capabilities is the world's leading blockchain solution provider, including various blockchain technology research and development for various government departments and institutions.",https://www.w3.org/thumbnails/120/logos/organizations/131154.png?x-version=3,China,CN,0.0,1.0,1.0,1.0,1.0,0.0,0.0,0.0,tpblock-cn,https://tpblock.cn/about-us.html,Large enterprise
Loongson(He Fei) Technology Corporation Limited,https://www.loongson.cn,,,China,CN,,,,,,,,,www-loongson-cn,,Large enterprise
Memect Technology Co. Ltd. 北京文因互联科技有限公司,http://www.memect.cn,,,China,CN,,,,,,,,,www-memect-cn,http://www.memect.cn/aboutus/,Small/medium enterprise
Nanjing Institute of digital Financial Industry Co.Ltd,http://www.yzjdigitalfinance.com,,,China,CN,,,,,,,,,www-yzjdigitalfinance-com,,Large enterprise
Nanjing University,http://www.nju.edu.cn,,,China,CN,,,,,,,,,www-nju-edu-cn,,Academia
Shenzhen Accessibility Research Association,http://www.siaa.org.cn/,"The Accessibility Research Association (ARA), founded in 2005, Shenzhen, is the earliest professional organization dedicated to accessibility in China. In accelerating the process of China’s accessibility, ARA has pioneered in creating a one-step solution for accessibility that adapts to the domestic internet environment.",https://www.w3.org/thumbnails/120/logos/organizations/129545.png?x-version=4,China,CN,,,,,,,,,www-siaa-org-cn,http://www.siaa.org.cn/about-us,Nonprofit organization
Shenzhen Institute of Information Technology,http://www.sziit.edu.cn,,,China,CN,0.0,0.0,0.0,1.0,0.0,0.0,0.0,0.0,www-sziit-edu-cn,,Academia
Tencent,http://www.tencent.com,,,China,CN,0.0,0.0,0.0,1.0,1.0,0.0,0.0,1.0,www-tencent-com,https://www.tencent.com/zh-cn/about.html,Large enterprise
Zhejiang University,http://www.zju.edu.cn,,,China,CN,,,,,,,,,www-zju-edu-cn,,Academia
ZIIOT,http://www.ziiot.org.cn/,,,China,CN,0.0,1.0,0.0,0.0,0.0,0.0,0.0,0.0,www-ziiot-org-cn,,Nonprofit organization
Instituto Tecnológico de Costa Rica,https://www.tec.ac.cr/,,,Costa Rica,CR,,,,,,,,,www-tec-ac-cr,,Academia
Agency for Digitisation,https://en.digst.dk/,,,Denmark,DK,0.0,0.0,0.0,0.0,0.0,0.0,0.0,1.0,en-digst-dk,,Government
Criipto,http://criipto.com,,,Denmark,DK,,,,,,,,,criipto-com,https://www.criipto.com/about,Small/medium enterprise
Siteimprove,http://siteimprove.com,"Siteimprove is a SaaS solution that helps organizations achieve their digital potential by empowering teams with actionable insights to deliver a superior website experience and drive growth. Siteimprove has 550 employees across 13 offices, helping over 7,200 customers globally.",https://www.w3.org/thumbnails/120/logos/organizations/75253.png?x-version=3,Denmark,DK,,,,,,,,,siteimprove-com,http://siteimprove.com/about-us/,Large enterprise
Aalto University,http://www.hut.fi,,,Finland,FI,,,,,,,,,www-hut-fi,http://www.hut.fi/en/news/what-should-decision-makers-know-about-green-hydrogen,Academia
Tampere University,http://www.tut.fi/,,,Finland,FI,,,,,,,,,www-tut-fi,,Academia
Traficom - Finnish Transport and Communications Agency,https://www.traficom.fi/en,,,Finland,FI,,,,,,,,,www-traficom-fi,https://www.traficom.fi/en/about-site,Government
CANTON CONSULTING,https://canton.consulting,,https://www.w3.org/thumbnails/120/logos/organizations/69906.png?x-version=1,France,FR,0.0,1.0,1.0,1.0,0.0,0.0,0.0,0.0,canton-consulting,,Small/Medium Enterprise
Criteo,https://www.criteo.com/,,,France,FR,1.0,0.0,1.0,0.0,0.0,0.0,0.0,0.0,www-criteo-com,https://www.criteo.com/solutions/addressability/,Large enterprise
EDRLab,https://www.edrlab.org,"The European Digital Reading Laboratory is a non-profit organization focused on the deployment of open, interoperable and accessible digital publishing technologies. EDRLab is participating in the evolution of EPUB 3, the W3C Audiobooks standard, and it incubates Divina, a future standard format for digital comics.",https://www.w3.org/thumbnails/120/logos/organizations/91879.png?x-version=3,France,FR,0.0,0.0,0.0,0.0,0.0,1.0,0.0,0.0,www-edrlab-org,https://www.edrlab.org/about/,Nonprofit organization
ERCIM,https://www.ercim.eu/,,https://www.w3.org/thumbnails/120/logos/organizations/1205.png?x-version=2,France,FR,,,,,,,,,www-ercim-eu,https://www.ercim.eu/about/legal,Academia
FIME,https://www.fime.com/,,https://www.w3.org/thumbnails/120/logos/organizations/102258.png?x-version=1,France,FR,0.0,0.0,1.0,0.0,0.0,0.0,0.0,1.0,www-fime-com,https://www.fime.com/service,Large enterprise
Institut Mines-Télécom,https://www.imt.fr/,,,France,FR,0.0,1.0,0.0,1.0,0.0,0.0,0.0,1.0,www-imt-fr,,Academia
Institut National de Recherche en Informatique et en Automatique (Inria),https://www.inria.fr/,"Inria is a founding member of W3C. Inria is the french national research institute dedicated to digital sciences, addressing scientific and technological challenges in IT and playing an active role in technology transfer. Inria was also the European host of W3C until 2002 and actively contributes to W3C groups and activities.",https://www.w3.org/thumbnails/120/logos/organizations/10894.png?x-version=3,France,FR,1.0,1.0,0.0,1.0,1.0,0.0,0.0,1.0,www-inria-fr,,Academia
Startin'blox,https://startinblox.com/,,,France,FR,0.0,1.0,0.0,0.0,0.0,0.0,0.0,0.0,startinblox-com,,Technical community
Université Côte d'Azur,https://univ-cotedazur.eu/,Université Côte d'Azur is a group of higher education institutions recently created on the Côte d'Azur. It brings together the main actors of higher education and research on the Côte d'Azur.,,France,FR,0.0,0.0,0.0,1.0,0.0,0.0,0.0,0.0,univ-cotedazur-eu,https://univ-cotedazur.eu/about-us,Academia
Datagraph GmbH,https://dydra.com/,,,Germany,DE,0.0,1.0,0.0,0.0,0.0,0.0,0.0,1.0,dydra-com,https://dydra.com/about,Small/medium enterprise
eyeo GmbH,https://eyeo.com,,,Germany,DE,1.0,1.0,1.0,0.0,0.0,0.0,0.0,0.0,eyeo-com,https://eyeo.com/about,Small/medium enterprise
Forschungszentrum Informatik (FZI),http://www.fzi.de,,,Germany,DE,0.0,1.0,0.0,0.0,0.0,0.0,0.0,1.0,www-fzi-de,,Academia
Fraunhofer Gesellschaft,https://www.fraunhofer.de/en.html,"Fraunhofer-Gesellschaft is the largest organization for applied research in Europe. We transform original ideas into innovations that benefit society and strengthen both the German and the European economy. The Web is a key driver of our innovation process, and therefore we are committed to support W3C‘s work to lead the Web to its full potential.",https://www.w3.org/thumbnails/120/logos/organizations/1117.png?x-version=3,Germany,DE,0.0,1.0,0.0,1.0,1.0,0.0,0.0,1.0,www-fraunhofer-de,https://www.fraunhofer.de/en/about-fraunhofer.html,Nonprofit organization
German Research Center for Artificial Intelligence (DFKI) Gmbh,https://www.dfki.de,DFKI is one of the largest nonprofit contract research institutes worldwide in the field of innovative software technology based on Artificial Intelligence methods. DFKI is committed to the use of W3C standards in research and development.,https://www.w3.org/thumbnails/120/logos/organizations/26550.png?x-version=3,Germany,DE,0.0,1.0,0.0,0.0,0.0,0.0,0.0,0.0,www-dfki-de,,Nonprofit organization
HiveMQ,https://www.hivemq.com/,,,Germany,DE,0.0,0.0,0.0,0.0,0.0,0.0,0.0,1.0,www-hivemq-com,https://www.hivemq.com/company/,Small/medium enterprise
Hochschulbibliothekszentrum des Landes NRW,http://www.hbz-nrw.de,The North Rhine-Westphalian Library Service Centre (hbz) is a central service and development institution for university libraries in the German state of North Rhine-Westphalia.  We are committed to establishing an open data infrastructure for libraries and actively participate in the development of open source software and open standards.,https://www.w3.org/thumbnails/120/logos/organizations/45217.png?x-version=3,Germany,DE,,,,,,,,,www-hbz-nrw-de,,Nonprofit organization
IDnow GmbH,http://www.idnow.io,,,Germany,DE,0.0,1.0,1.0,0.0,0.0,0.0,0.0,0.0,www-idnow-io,https://www.idnow.io/about-us/,Small/medium enterprise
SAP SE,http://www.sap.com,,,Germany,DE,0.0,1.0,0.0,0.0,0.0,0.0,0.0,0.0,www-sap-com,,Large enterprise
Siemens AG,https://www.siemens.com,,,Germany,DE,0.0,1.0,0.0,0.0,0.0,0.0,1.0,1.0,www-siemens-com,https://www.siemens.com/global/en/company/about/compliance/reporting-channels.html,Large enterprise
SPRIND GmbH,https://www.sprind.org/en/,"The German Federal Agency for Disruptive Innovation SPRIND is creating spaces for innovators, where they can take risks and think radically different.",https://www.w3.org/thumbnails/120/logos/organizations/156410.png?x-version=1,Germany,DE,,,,,,,,,www-sprind-org,https://www.sprind.org/en/#about-us,Nonprofit organization
The German Association for the Digital Economy (BVDW),http://www.bvdw.org,The German Association for the Digital Economy (BVDW) is the advocacy group for companies that operate digital business models or whose value creation is based on the use of digital technologies.,https://www.w3.org/thumbnails/120/logos/organizations/125161.png?x-version=1,Germany,DE,1.0,0.0,0.0,0.0,0.0,0.0,0.0,0.0,www-bvdw-org,,Nonprofit organization
Thinktecture,https://thinktecture.com,,,Germany,DE,0.0,1.0,0.0,0.0,0.0,0.0,0.0,0.0,thinktecture-com,,Small/Medium Enterprise
Viacom inc.,http://www.paramount.tech,,https://www.w3.org/thumbnails/120/logos/organizations/57941.png?x-version=2,Germany,DE,1.0,0.0,0.0,1.0,0.0,0.0,0.0,0.0,www-paramount-tech,,Large enterprise
|pipe|,https://pi.pe,,,Germany,DE,0.0,0.0,0.0,1.0,1.0,0.0,0.0,1.0,pi-pe,https://pi.pe/about/,Technical community
CRITAC,https://critacghana.com/,"CRITAC is committed to advancing global web standards that promote accessibility, security, and innovation. Our goal is to contribute to the development of open technologies. We fully support W3C's mission and strive to implement its recommendations in our cutting-edge solutions, ensuring a more inclusive and connected digital World.",https://www.w3.org/thumbnails/120/logos/organizations/102975.png?x-version=1,Ghana,GH,1.0,0.0,1.0,0.0,1.0,0.0,0.0,0.0,critacghana-com,,Nonprofit organization
Foundation for Research and Technology - Hellas (FORTH),https://www.ics.forth.gr/,"ICS-FORTH has an established tradition of internationally acknowledged 
excellence in conducting basic and applied research in the fields of information 
and telecommunications technologies. It represents Greece in ERCIM, and also 
hosts the W3C Greece Chapter.",,Greece,GR,,,,,,,,,www-ics-forth-gr,https://www.ics.forth.gr/about-ics,Academia
"Digital Policy Office, The Government of the Hong Kong Special Administrative Region of the People's Republic of China",https://www.digitalpolicy.gov.hk,,,Hong Kong SAR China,HK,,,,,,,,,www-digitalpolicy-gov-hk,,Government
Hong Kong Blind Union,http://www.hkbu.org.hk,,,Hong Kong SAR China,HK,,,,,,,,,www-hkbu-org-hk,http://www.hkbu.org.hk/tc/about/latest-news/index,Nonprofit organization
SZTAKI,http://www.sztaki.hu,,,Hungary,HU,,,,,,,,,www-sztaki-hu,,Academia
BarrierBreak Technologies,http://www.barrierbreak.com,"Accessibility is key to create an inclusive society. It is imperative to meet this goal and W3C is helping us meet this goal in India and globally. At BarrierBreak, we are committed to digital accessibility and the role that W3C is plays in implementing this at a global level.",https://www.w3.org/thumbnails/120/logos/organizations/50944.png?x-version=4,India,IN,,,,,,,,,www-barrierbreak-com,http://www.barrierbreak.com/accessibility-barrierbreak,Small/Medium Enterprise
Whatfix,https://whatfix.com/,,,India,IN,,,,,,,,,whatfix-com,https://whatfix.com/about-us/,Large enterprise
INSIGHT - The Centre for Data Analytics,http://www.insight-centre.org,,,Ireland,IE,1.0,1.0,0.0,0.0,0.0,0.0,0.0,1.0,www-insight-centre-org,https://www.insight-centre.org/about-us/,Academia
Vidos,http://www.vidos.id,"At Vidos, we're committed to accelerating adoption of trusted digital identity through standards. Our W3C membership lets us collaborate on core DID and VC standards. By implementing these in our services, we make it easier for organizations to use credentials in real-world use cases for workforce, financial services, government and travel.",https://www.w3.org/thumbnails/120/logos/organizations/158193.png?x-version=1,Ireland,IE,0.0,1.0,0.0,0.0,0.0,0.0,0.0,0.0,www-vidos-id,http://www.vidos.id/about),Technical community
Vision Ireland,http://vi.ie,,https://www.w3.org/thumbnails/120/logos/organizations/158226.png?x-version=1,Ireland,IE,,,,,,,,,vi-ie,,Small/Medium Enterprise
accessiBe,https://accessibe.com/,"accessiBe is the market leader in web accessibility, providing an ecosystem of solutions for any business. Trusted by over 200,000 websites, ranging from small businesses to industry leaders, accessiBe streamlines the process of making websites more accessible in accordance with the Web Content Accessibility Guidelines (WCAG).",https://www.w3.org/thumbnails/120/logos/organizations/130274.png?x-version=4,Israel,IL,,,,,,,,,accessibe-com,https://accessibe.com/company,Nonprofit organization
Wix.com Ltd.,https://www.wix.com/,,,Israel,IL,,,,,,,,,www-wix-com,https://www.wix.com/about/us,Large enterprise
Agenzia per l'Italia Digitale,https://www.agid.gov.it/,,https://www.w3.org/thumbnails/120/logos/organizations/70816.png?x-version=1,Italy,IT,,,,,,,,,www-agid-gov-it,,Government
Electe,https://www.electe.net,"At Electe, our mission is to democratize access to artificial intelligence, empowering businesses of all sizes to make informed, data-driven decisions. As a W3C Member, we are committed to supporting the development of open web standards that promote accessibility and innovation.",https://www.w3.org/thumbnails/120/logos/organizations/166162.png?x-version=2,Italy,IT,,,,,,,,,www-electe-net,,Small/medium enterprise
Fondazione LIA,https://www.fondazionelia.org,"Fondazione LIA is a no-profit organization fostering the creation of an accessible digital publishing ecosystem through research, training and consultancy activities. LIA is active in the W3C Publishing Business Group, EPUB 3 Working Group, Publishing Community Group",https://www.w3.org/thumbnails/120/logos/organizations/98318.png?x-version=3,Italy,IT,0.0,0.0,0.0,0.0,0.0,1.0,0.0,0.0,www-fondazionelia-org,,Nonprofit organization
University of Milano Bicocca,https://en.unimib.it/,,,Italy,IT,,,,,,,,,en-unimib-it,,Academia
"ACCESS CO., LTD.",http://www.access-company.com/,,,Japan,JP,0.0,0.0,0.0,1.0,0.0,1.0,0.0,1.0,www-access-company-com,,Large enterprise
"Alfasado, Inc.",http://alfasado.net/,,https://www.w3.org/thumbnails/120/logos/organizations/77717.png?x-version=7,Japan,JP,,,,,,,,,alfasado-net,http://alfasado.net/about/index.html,Small/Medium Enterprise
Design Inc.,http://www.design-inc.jp/,,,Japan,JP,,,,,,,,,www-design-inc-jp,,Small/Medium Enterprise
Digital Publishers Federation of Japan,http://ebpaj.jp,,,Japan,JP,,,,,,,,,ebpaj-jp,http://ebpaj.jp/aboutassociation,Nonprofit organization
FLUX Inc.,https://flux-g.com/,"Established in 2018, FLUX Inc. is the leading marketing & advertising technology provider in Japan, with over 500+ publishers, newspapers, and magazines on board. At W3C, we want to explore the possibilities of the WEB and define how people will interact with websites in the future, especially in areas like web advertising and browser APIs.",https://www.w3.org/thumbnails/120/logos/organizations/125989.png?x-version=4,Japan,JP,1.0,0.0,0.0,0.0,0.0,0.0,0.0,0.0,flux-g-com,https://flux-g.com/about/,Large enterprise
Fujitsu Limited,http://www.fujitsu.com,"Fujitsu is a leading provider of IT-based business solutions for the global marketplace. Fujitsu is actively promoting standardization of XML, electronic businesses, Web Services, and Cloud computing related technologies. It supports many W3C specifications in its products and services.",,Japan,JP,0.0,0.0,0.0,0.0,1.0,0.0,0.0,1.0,www-fujitsu-com,https://www.fujitsu.com/global/about/,Large enterprise
Future Technology Laboratories Inc.,http://www.ftl.co.jp,,,Japan,JP,,,,,,,,,www-ftl-co-jp,,Small/Medium Enterprise
"Hitachi, Ltd.",https://www.hitachi.com/,"Hitachi has long experience in both OT(operational technology) and IT. Towards the IoT era, this is something to be proud of. Hitachi understands the importance of standardization to make the world seamlessly connected, and strongly supports W3C's activities.",https://www.w3.org/thumbnails/120/logos/organizations/1142.png?x-version=4,Japan,JP,0.0,0.0,0.0,0.0,0.0,0.0,1.0,1.0,www-hitachi-com,https://www.hitachi.com/en/about/,Large enterprise
Internet Academy,https://www.internetacademy.jp,"Internet Academy has provided practical and intensive Web development courses based on solid fundamentals since 1995. As a leading school of Web technologies, Internet Academy supports W3C, especially developer relations activities, and spreads the Web around the world.",,Japan,JP,0.0,0.0,0.0,0.0,1.0,0.0,0.0,1.0,www-internetacademy-jp,,Academia
"Internet Research Institute, Inc.",http://www.iri.co.jp/,,,Japan,JP,0.0,0.0,0.0,0.0,0.0,0.0,1.0,1.0,www-iri-co-jp,,Large enterprise
"Japan Registry Services Co., Ltd.",http://jprs.co.jp/,,,Japan,JP,,,,,,,,,jprs-co-jp,http://jprs.co.jp/aboutwebsite.html,Large enterprise
"JCB CO., LTD.",http://www.global.jcb/en/,,,Japan,JP,0.0,0.0,1.0,0.0,0.0,0.0,1.0,0.0,www-global-jcb,http://www.global.jcb/en/about-us/,Large enterprise
Kadokawa Corporation,https://www.kadokawa.co.jp/,"KADOKAWA group has expanded its business, revamping business categories with the changing times, since foundation.

We create a variety of Intellectual Property (IP), including books, movies, animations etc., and sell them worldwide, to develop our own global media mix strategy.",https://www.w3.org/thumbnails/120/logos/organizations/104534.png?x-version=3,Japan,JP,0.0,0.0,0.0,1.0,0.0,1.0,1.0,1.0,www-kadokawa-co-jp,,Large enterprise
KDDI CORPORATION,http://www.kddi.com/,,,Japan,JP,0.0,0.0,1.0,1.0,1.0,0.0,0.0,1.0,www-kddi-com,,Large enterprise
Keio University,https://www.keio.ac.jp/,,,Japan,JP,1.0,1.0,1.0,0.0,1.0,0.0,0.0,1.0,www-keio-ac-jp,https://www.keio.ac.jp/en/about/,Academia
"Kodansha, Publishers, Ltd.",https://www.kodansha.co.jp/,"We, Kodansha, are one of the biggest publishing company in Japan. Our goal is find, incubate and distribute talented people and their various content to all over the world.",https://www.w3.org/thumbnails/120/logos/organizations/96831.png?x-version=3,Japan,JP,1.0,1.0,0.0,1.0,1.0,1.0,0.0,1.0,www-kodansha-co-jp,https://www.kodansha.co.jp/company/about#message,Large enterprise
LY Corporation,https://www.lycorp.co.jp/,,,Japan,JP,1.0,0.0,1.0,0.0,0.0,0.0,0.0,1.0,www-lycorp-co-jp,https://www.lycorp.co.jp/en/company/overview/,Large enterprise
"MEDIA DO Co., Ltd.",https://www.mediado.jp/english/,,,Japan,JP,0.0,0.0,0.0,1.0,0.0,1.0,1.0,1.0,www-mediado-jp,https://mediado.jp/english/about/,Small/medium enterprise
Mitsubishi Electric Corporation,http://www.mitsubishielectric.com/,,,Japan,JP,0.0,0.0,0.0,0.0,0.0,0.0,1.0,1.0,www-mitsubishielectric-com,https://www.mitsubishielectric.com/en/about/,Large enterprise
"Mitsue-Links Co., Ltd.",https://www.mitsue.co.jp/,"Mitsue-Links, leading client's businesses to sustainable development, is one of Japan's leading communication design companies.",https://www.w3.org/thumbnails/120/logos/organizations/35668.png?x-version=3,Japan,JP,0.0,0.0,0.0,0.0,0.0,1.0,0.0,0.0,www-mitsue-co-jp,,Small/medium enterprise
NEC Corporation,http://www.nec.com/,"NEC Corporation is a leader in the integration of IT and network
technologies. We provide combinations of products and solutions that
benefit businesses and people around the world. We support the W3C's
open, consensus-driven process and cutting-edge technology standards.",,Japan,JP,,,,,,,,,www-nec-com,http://www.nec.com/en/global/about/index.html,Large enterprise
Newphoria Corporation,http://www.newphoria.co.jp/,,https://www.w3.org/thumbnails/120/logos/organizations/54317.png?x-version=3,Japan,JP,0.0,0.0,0.0,0.0,0.0,0.0,0.0,1.0,www-newphoria-co-jp,,Small/medium enterprise
NHK (Japan Broadcasting Corporation),https://www.nhk.or.jp/strl/english/,"NHK, Nippon Hoso Kyokai (Japan Broadcasting Corporation), is Japan's only public broadcaster. 
NHK Science & Technology Research Laboratories (NHK STRL) is the research institute of NHK and has been leading the research and development of broadcast technologies since 1930.",https://www.w3.org/thumbnails/120/logos/organizations/51472.png?x-version=3,Japan,JP,0.0,0.0,0.0,1.0,0.0,0.0,1.0,1.0,www-nhk-or-jp,https://www.nhk.or.jp/strl/english/about/index.html,Nonprofit organization
Nippon Telegraph & Telephone Corp. (NTT),https://group.ntt/en/,,,Japan,JP,0.0,0.0,1.0,1.0,0.0,0.0,0.0,1.0,group-ntt,https://group.ntt/en/group/,Large enterprise
Originator Profile CIP,https://originator-profile.org/en-US/,,,Japan,JP,0.0,0.0,0.0,1.0,0.0,0.0,0.0,0.0,originator-profile-org,https://originator-profile.org/en-US/about,Nonprofit organization
"Rakuten Group, Inc.",https://global.rakuten.com/corp/,"Rakuten Group, Inc. (TSE: 4755) is a global leader in internet services that empower individuals, communities, businesses and society. Founded in Tokyo in 1997 as an online marketplace, Rakuten has expanded to offer services in e-commerce, fintech, digital content and communications to approximately 1.6 billion members around the world.",https://www.w3.org/thumbnails/120/logos/organizations/47545.png?x-version=4,Japan,JP,0.0,1.0,1.0,0.0,0.0,1.0,0.0,0.0,global-rakuten-com,https://global.rakuten.com/corp/about/,Large enterprise
SHOGAKUKAN Inc.,https://www.shogakukan.co.jp/,,,Japan,JP,,,,,,,,,www-shogakukan-co-jp,,Large enterprise
SHUEISHA Inc.,https://www.shueisha.co.jp/,,,Japan,JP,,,,,,,,,www-shueisha-co-jp,,Large enterprise
SIVIRA Inc.,https://sivira.co/,,,Japan,JP,,,,,,,,,sivira-co,https://sivira.co/#aboutus,Small/medium enterprise
SoftBank Corp.,http://www.softbank.jp/en/,,https://www.w3.org/thumbnails/120/logos/organizations/85690.png?x-version=2,Japan,JP,0.0,0.0,0.0,0.0,0.0,0.0,0.0,1.0,www-softbank-jp,http://www.softbank.jp/en/corp/aboutus/,Large enterprise
Sony Group Corporation,https://www.sony.com/en/,,,Japan,JP,0.0,1.0,0.0,1.0,1.0,0.0,0.0,0.0,www-sony-com,https://www.sony.com/en/about/,Large enterprise
Studio株式会社,https://studio.inc/,,,Japan,JP,,,,,,,,,studio-inc,https://studio.inc/about,Small/medium enterprise
"Voyager Japan, Inc.",https://www.voyager.co.jp,,,Japan,JP,0.0,0.0,0.0,0.0,0.0,1.0,1.0,0.0,www-voyager-co-jp,https://www.voyager.co.jp/about/,Small/medium enterprise
Web Consortium Asia Pacific (WCAP),https://wcap.jp/,,https://www.w3.org/thumbnails/120/logos/organizations/156917.png?x-version=1,Japan,JP,,,,,,,,,wcap-jp,https://wcap.jp/#business),Nonprofit organization
WebDINO Japan,https://www.webdino.org/,,,Japan,JP,0.0,0.0,1.0,0.0,0.0,0.0,0.0,1.0,www-webdino-org,https://www.webdino.org/about/,Nonprofit organization
株式会社Kiva,https://hellouniweb.com/,,,Japan,JP,,,,,,,,,hellouniweb-com,,Small/medium enterprise
Green Technology Co,https://gt.com.kw/,,,Kuwait,KW,,,,,,,,,gt-com-kw,,Small/Medium Enterprise
Ecole Mohammadia d'Ingenieurs Rabat (EMI),http://www.emi.ac.ma,"Located in Rabat Morocco, Ecole Mohammadia d'Ingénieurs was founded in 1958 and is the leading engineers school in Morocco. It is also known by its research and doctoral studies. EMI also hosts the Morocco Chapter, which promotes the adoption of Web standards throughout the country. Contact The Mohammadia School of Engineers.",https://www.w3.org/thumbnails/120/logos/organizations/12480.png?x-version=2,Morocco,MA,0.0,1.0,0.0,0.0,1.0,0.0,0.0,1.0,www-emi-ac-ma,,Academia
Abra,https://abra.ai,"Abra is committed to making mobile apps accessible to everyone. As a W3C Member, we actively support the Mobile Accessibility Task Force and the development of open standards. Our software products help enhance the accessibility of apps, aligning with the guidelines produced within the W3C.",https://www.w3.org/thumbnails/120/logos/organizations/147882.png?x-version=1,Netherlands,NL,,,,,,,,,abra-ai,https://abra.ai/about,Small/Medium Enterprise
Accessibility Foundation,https://www.accessibility.nl,"The Accessibility Foundation is an expertise center providing information, research,  Web evaluation and training in the field of accessibility of Web sites and Web applications to companies and governments. We are committed to the development of Web accessibility standards at W3C.",,Netherlands,NL,,,,,,,,,www-accessibility-nl,,Nonprofit organization
Adyen,https://www.adyen.com,,,Netherlands,NL,,,,,,,,,www-adyen-com,,Large enterprise
AllianceBlock Nexera,https://nexera.id/,"NexeraID is a self-sovereign identity issuance and verification platform that empowers companies to seamlessly onboard users to Web3 using self-custodial or custodial wallets and integrate complex compliance workflows, all while safeguarding users’ identities and assets.",https://www.w3.org/thumbnails/120/logos/organizations/142336.png?x-version=2,Netherlands,NL,,,,,,,,,nexera-id,https://nexera.id/about,Small/Medium Enterprise
Dyne.org,https://dyne.org/,,,Netherlands,NL,0.0,1.0,0.0,0.0,0.0,0.0,0.0,0.0,dyne-org,https://dyne.org/timeline,Nonprofit organization
Geonovum,https://www.geonovum.nl,Geonovum is the National Spatial Data Infrastructure (NSDI) executive committee in the Netherlands. At W3C we devote ourselves to unlocking the power of spatial data by bridging the gap between OGC’s spatial standards and W3C webstandards.,https://www.w3.org/thumbnails/120/logos/organizations/75919.png?x-version=3,Netherlands,NL,0.0,1.0,0.0,0.0,0.0,0.0,1.0,0.0,www-geonovum-nl,https://www.geonovum.nl/about-us,Nonprofit organization
Logius,https://www.logius.nl/english/,,,Netherlands,NL,,,,,,,,,www-logius-nl,https://www.logius.nl/about-logius,Government
SURF bv,https://www.surf.nl/,,https://www.w3.org/thumbnails/120/logos/organizations/1060.png?x-version=1,Netherlands,NL,0.0,1.0,0.0,0.0,0.0,0.0,0.0,0.0,www-surf-nl,,Nonprofit organization
Ver.iD,https://ver.id/,"Ver.iD is dedicated to create a friction-less digital identity in a transactional internet, accelerating the web into its next phase. We strongly believe that the W3C is the optimal hub for open dialogues and a consensus-driven peer review process to establish new standards that may change our digital landscape forever.",https://www.w3.org/thumbnails/120/logos/organizations/140769.png?x-version=1,Netherlands,NL,0.0,1.0,0.0,0.0,0.0,0.0,0.0,0.0,ver-id,https://ver.id/about,Small/Medium Enterprise
Vrije Universiteit,http://www.few.vu.nl/,,https://www.w3.org/thumbnails/120/logos/organizations/16188.png?x-version=2,Netherlands,NL,0.0,1.0,0.0,0.0,0.0,0.0,0.0,0.0,www-few-vu-nl,http://www.few.vu.nl/en/about-vu,Academia
Yoast,https://yoast.com,,,Netherlands,NL,,,,,,,,,yoast-com,https://yoast.com/about-us/,Small/Medium Enterprise
Mattr Limited,https://mattr.global,,,New Zealand,NZ,0.0,1.0,1.0,0.0,0.0,0.0,0.0,0.0,mattr-global,https://mattr.global/about,Small/Medium Enterprise
Whereby,https://whereby.com/,,,Norway,NO,,,,,,,,,whereby-com,,Small/Medium Enterprise
Callstack,http://callstack.com,,,Poland,PL,0.0,1.0,0.0,0.0,0.0,0.0,0.0,0.0,callstack-com,http://callstack.com/about-us,Technical community
Digital Contract Design,https://contract.design/,,,Puerto Rico,PR,0.0,1.0,0.0,0.0,0.0,0.0,0.0,0.0,contract-design,,Small/medium enterprise
"Mada Center, Qatar",https://www.mada.org.qa,"Mada Center aims at promoting digital inclusion and enhancing ICT accessibility. As the Center of Excellence in digital access in Arabic and an active member of W3C, Mada is leading the translation of the Web Content Accessibility Guidelines (WCAG 2.1) into Arabic.",,Qatar,QA,,,,,,,,,www-mada-org-qa,https://www.mada.org.qa/about-us/,Nonprofit organization
Ecole Superieure Polytechnique de Dakar,http://www.esp.sn,,https://www.w3.org/thumbnails/120/logos/organizations/43576.png?x-version=1,Senegal,SN,,,,,,,,,www-esp-sn,,Academia
Affinidi Pte. Ltd.,https://www.affinidi.com/,,https://www.w3.org/thumbnails/120/logos/organizations/135649.png?x-version=2,Singapore,SG,,,,,,,,,www-affinidi-com,,Large enterprise
Government Technology Agency,https://www.tech.gov.sg,,,Singapore,SG,,,,,,,,,www-tech-gov-sg,https://www.tech.gov.sg/about-us/,Government
Entersekt,https://www.entersekt.com,"Entersekt provides transaction authentication to financial institutions that is both secure and free from unnecessary friction. As a leading provider of strong device identity and user authentication, we work with the W3C to help drive innovation in the areas of digital identity, data privacy, and secure payments.",https://www.w3.org/thumbnails/120/logos/organizations/116845.png?x-version=4,South Africa,ZA,0.0,1.0,1.0,0.0,0.0,0.0,0.0,0.0,www-entersekt-com,https://www.entersekt.com/company/about-us,Small/medium enterprise
Snake Nation,https://snakenation.co/,"Snake Nation is a social media platform with a digital wallet & VNM, our Stellar based (XLM) utility token. Platform members are incentivized for content engagement in VNM. The integrated ILP wallet allows for enhanced functionality including making P2P payments, cross-border payments, withdrawals, top-ups, and contactless payments in any currency.",https://www.w3.org/thumbnails/120/logos/organizations/132463.png?x-version=3,South Africa,ZA,0.0,0.0,1.0,1.0,0.0,0.0,0.0,0.0,snakenation-co,,Nonprofit organization
CREATIVECODE,https://creativecode.co.kr,"CreativeCode is proud to be a W3C Member, actively contributing to the Decentralized Identifier Working Group and Verifiable Credentials Working Group. Our mission is to advance open Web standards, fostering trust and innovation, while aligning our solutions with W3C’s vision of a secure, interoperable, and inclusive web.",https://www.w3.org/thumbnails/120/logos/organizations/152666.png?x-version=1,South Korea,KR,0.0,1.0,0.0,0.0,0.0,0.0,0.0,0.0,creativecode-co-kr,https://creativecode.co.kr/),Technical community
Electronics and Telecommunications Research Institute (ETRI),http://www.etri.re.kr,"Established in 1976, ETRI is a non-profit government-funded research organization in Korea. ETRI has successfully developed information technologies on the Web such as ezOWL (visual Editor of OWL), and ETRI is committed to use W3C Technologies in its developments. ETRI is also the home of the W3C Korean Chapter.",https://www.w3.org/thumbnails/120/logos/organizations/28169.png?x-version=4,South Korea,KR,0.0,1.0,0.0,1.0,1.0,0.0,0.0,1.0,www-etri-re-kr,,Government
Gooroomee Inc.,http://www.gooroomee.com,,,South Korea,KR,0.0,1.0,0.0,1.0,1.0,0.0,0.0,1.0,www-gooroomee-com,,Small/Medium Enterprise
"Inswave Systems Co., Ltd.",http://www.inswave.com,"Inswave Systems Co., Ltd. is a software company that develops web standard based HTML5 UI platform. 
We support for W3C and in the path of making a better world of web standard by supporting freedom of web application and accessibility.",https://www.w3.org/thumbnails/120/logos/organizations/73795.png?x-version=3,South Korea,KR,0.0,0.0,0.0,0.0,0.0,0.0,0.0,1.0,www-inswave-com,,Large enterprise
Korea Electronics Technology Institute (KETI),https://www.keti.re.kr/eng/main/main.php,"KETI is a leading R&D institute specializing in electronics and IT under the Korean Ministry of Trade, Industry and Energy. KETI has led the growth of small and midsize Korean enterprises in the high-tech industry. We remain committed to growing together with companies in the global market, focusing on more real-world applications beyond the lab.",https://www.w3.org/thumbnails/120/logos/organizations/96234.png?x-version=3,South Korea,KR,0.0,0.0,0.0,0.0,0.0,0.0,0.0,1.0,www-keti-re-kr,https://www.keti.re.kr/eng/introduce/abstract.php,Nonprofit organization
LG Electronics,http://www.lge.com,,,South Korea,KR,0.0,1.0,0.0,1.0,1.0,0.0,1.0,0.0,www-lge-com,,Large enterprise
"Samsung Electronics Co., Ltd.",https://www.samsung.com,"Samsung Electronics Co. Ltd. is a global leader in semiconductor, telecommunication, digital media, and digital convergence technology. Samsung Electronics supports W3C recommendations in our products and continues to the explosion of Web technology in our business. Contact Samsung Electronics Co. Ltd.",,South Korea,KR,1.0,1.0,1.0,1.0,1.0,0.0,0.0,0.0,www-samsung-com,https://www.samsung.com/br/about-us/ethics/,Large enterprise
Sharing Economy Association of Korea (SEAK),http://www.sharingeconomy.kr,,https://www.w3.org/thumbnails/120/logos/organizations/132506.png?x-version=3,South Korea,KR,,,,,,,,,www-sharingeconomy-kr,,Nonprofit organization
Ayuntamiento de Zaragoza,https://www.zaragoza.es,"Among his commitments: Providing access to the highest number of people, regardless their personal limitations linked to their surrounding environment.
Management System, certified by AENOR is based on the accomplishment of the W3c's standards and technology. Municipal Website Office.",,Spain,ES,,,,,,,,,www-zaragoza-es,,Government
Fundacion CTIC,http://www.fundacionctic.org,"CTIC is a private non-profit Research and Technology Organization (RTO), specialized in the research and development of cutting-edge and emerging technologies. Artificial Intelligence, Web of Things, Immersive Technologies, W3C Standards and Open Data, Blockchain and Quantum Computing are the main fields of specialization of the Center.",https://www.w3.org/thumbnails/120/logos/organizations/33823.png?x-version=3,Spain,ES,0.0,1.0,0.0,1.0,1.0,0.0,0.0,1.0,www-fundacionctic-org,,Nonprofit organization
Igalia,https://www.igalia.com,"Dedicated to open source and the open web since 2001, Igalia works with the W3C to both create and implement the next generation of web standards. We believe that open specifications like those that the W3C produces are vital to a free and egalitarian web.",https://www.w3.org/thumbnails/120/logos/organizations/62028.png?x-version=3,Spain,ES,1.0,0.0,0.0,1.0,1.0,0.0,0.0,0.0,www-igalia-com,https://www.igalia.com/about,Technical community
Ministerio de Hacienda y Administraciones Públicas,http://www.csi.map.es,,,Spain,ES,,,,,,,,,www-csi-map-es,,Government
Universidad Politécnica de Madrid,https://www.upm.es,"The Universidad Politécnica de Madrid is the largest Spanish technological university as well as a renowned European institution. With two recognitions as Campus of International Excellence, it is outstanding in its research activity together with its training of highly-qualified professionals, competitive at an international level.",https://www.w3.org/thumbnails/120/logos/organizations/34345.png?x-version=5,Spain,ES,0.0,1.0,0.0,1.0,1.0,0.0,1.0,1.0,www-upm-es,,Academia
WIRIS Science,http://www.wiris.com,,,Spain,ES,,,,,,,,,www-wiris-com,https://www.wiris.com/en/about-us/company/,Small/medium enterprise
ERICSSON,https://www.ericsson.com,"Founded in 1876, Ericsson is the largest supplier of mobile communications systems in the world. Supporting all major standards for wireless communication, Ericsson is committed to the use and development of W3C Recommendations to continue mobilizing the World Wide Web.",,Sweden,SE,0.0,0.0,0.0,1.0,0.0,0.0,0.0,1.0,www-ericsson-com,,Large enterprise
National Library of Sweden,https://kb.se/in-english.html,,,Sweden,SE,0.0,1.0,0.0,0.0,0.0,0.0,0.0,0.0,kb-se,https://kb.se/in-english/about-us.html,Government
Stiftelsen for internetinfrastruktur (IIS),https://iis.se,,,Sweden,SE,0.0,0.0,0.0,0.0,0.0,0.0,0.0,1.0,iis-se,https://internetstiftelsen.se/en/about-us/,Nonprofit organization
ABC New Media AG,https://www.finanznachrichten.de,"FinanzNachrichten.de is part of the Wallstreet-Online.de group and the leading German speaking finance website for financial news about shares, stock markets and economy. FinanzNachrichten.de as W3C member wants to take an active role in the further development of user friendly platform technologies for online media.",https://www.w3.org/thumbnails/120/logos/organizations/38714.png?x-version=4,Switzerland,CH,,,,,,,,,www-finanznachrichten-de,,Small/medium enterprise
BSV Association,https://bsvblockchain.org/,"Our mission is to foster an open and collaborative BSV Ecosystem, creating awareness on the unique capabilities of BSV Blockchain. We drive blockchain innovation and ensure the technical robustness of the BSV Blockchain with open-source and standardized solutions, promoting internal standards as well as aligning with non-blockchain standards.",https://www.w3.org/thumbnails/120/logos/organizations/159651.png?x-version=1,Switzerland,CH,1.0,0.0,0.0,0.0,0.0,0.0,0.0,0.0,bsvblockchain-org,https://bsvblockchain.org/about/,Nonprofit organization
CERN,http://www.cern.ch/,,,Switzerland,CH,,,,,,,,,www-cern-ch,http://www.cern.ch/about,Academia
DAISY Consortium,http://www.daisy.org,,,Switzerland,CH,0.0,0.0,0.0,1.0,0.0,1.0,0.0,0.0,www-daisy-org,http://www.daisy.org/about-us/membership/joining-daisy/,Nonprofit organization
Dfinity Stiftung,https://dfinity.org,The Dfinity Foundation is a major contributor to the Internet Computer blockchain – a blockchain where smart contracts can serve Web content directly to end users enabling fully on-chain Web3.,https://www.w3.org/thumbnails/120/logos/organizations/101246.png?x-version=1,Switzerland,CH,0.0,1.0,0.0,1.0,0.0,0.0,0.0,0.0,dfinity-org,https://dfinity.org/about,Nonprofit organization
Dreamlab Technologies AG,http://dreamlab.net,,,Switzerland,CH,,,,,,,,,dreamlab-net,,Small/Medium Enterprise
ETH Zurich,https://ethz.ch/en.html,,,Switzerland,CH,,,,,,,,,ethz-ch,,Academia
Ethereum Foundation,http://ethereum.org,"The Ethereum Foundation is a non-profit organization dedicated to supporting Ethereum and related technologies. Our mission is to do what is best for Ethereum’s long-term success. Our role is to allocate resources to critical projects, to be a valued voice within the Ethereum ecosystem, and to advocate for Ethereum to the outside world.",https://www.w3.org/thumbnails/120/logos/organizations/76925.png?x-version=3,Switzerland,CH,,,,,,,,,ethereum-org,http://ethereum.org/en/about/,Nonprofit organization
Netcetera,https://www.netcetera.com,"Netcetera is a pioneering Swiss software company with forward-thinking digital solutions across the banking, payment, mobility, healthcare, and publishing industries. Netcetera creates growth opportunities for the businesses it works with, by pushing the boundaries of digital possibilities.",https://www.w3.org/thumbnails/120/logos/organizations/150912.png?x-version=2,Switzerland,CH,0.0,1.0,1.0,0.0,0.0,0.0,0.0,0.0,www-netcetera-com,https://www.netcetera.com/company.html,Large enterprise
OISTE Foundation,https://www.oiste.org,,,Switzerland,CH,0.0,1.0,0.0,0.0,0.0,0.0,0.0,0.0,www-oiste-org,https://www.oiste.org/about-us/,Nonprofit organization
Proton AG,https://proton.me/,,https://www.w3.org/thumbnails/120/logos/organizations/119171.png?x-version=1,Switzerland,CH,,,,,,,,,proton-me,https://proton.me/about,Nonprofit organization
Zazuko GmbH,https://zazuko.com/,,,Switzerland,CH,0.0,1.0,0.0,0.0,0.0,0.0,0.0,0.0,zazuko-com,https://zazuko.com/about/,Technical community
"Ministry of Digital Affairs, Taiwan",https://moda.gov.tw/,"The Ministry of Digital Affairs(moda), responsible for driving Taiwan’s digital transformation, will connect citizens and technology, improve industry and security, fulfill the goal of a smart country, and continue to lead the world via the Taiwan model. As a member of W3C, we are committed to working with all stakeholders, especially around DIDs.",https://www.w3.org/thumbnails/120/logos/organizations/141535.png?x-version=1,Taiwan,TW,1.0,1.0,0.0,0.0,0.0,0.0,0.0,0.0,moda-gov-tw,https://moda.gov.tw/aboutus/402.html,Government
Taiwan Digital Publishing Forum,http://www.dpublishing.org.tw/,,https://www.w3.org/thumbnails/120/logos/organizations/110285.png?x-version=1,Taiwan,TW,0.0,0.0,0.0,0.0,0.0,1.0,0.0,0.0,www-dpublishing-org-tw,,Nonprofit organization
Accessible by Design,https://accessiblebydesign.co.uk,,https://www.w3.org/thumbnails/120/logos/organizations/160564.png?x-version=1,United Kingdom,GB,,,,,,,,,accessiblebydesign-co-uk,https://accessiblebydesign.co.uk/who-we-are/,Small/medium enterprise
Apeleg Limited,https://apeleg.com,,https://www.w3.org/thumbnails/120/logos/organizations/140493.png?x-version=6,United Kingdom,GB,0.0,1.0,1.0,0.0,0.0,0.0,0.0,0.0,apeleg-com,https://apeleg.com/about-us,Small/Medium Enterprise
ARM Limited,https://www.arm.com/,,,United Kingdom,GB,0.0,1.0,0.0,1.0,0.0,0.0,0.0,0.0,www-arm-com,https://www.arm.com/company,Large enterprise
BFO,http://bfo.com,,,United Kingdom,GB,,,,,,,,,bfo-com,http://bfo.com/about/,Small/Medium Enterprise
British Broadcasting Corporation,https://www.bbc.co.uk/,"The BBC is the world's largest broadcasting organisation whose mission is to enrich people's lives with programmes that inform, educate and entertain. It is a public service broadcaster, established by a Royal Charter and funded by UK households.",https://www.w3.org/thumbnails/120/logos/organizations/1120.png?x-version=6,United Kingdom,GB,1.0,1.0,1.0,1.0,1.0,1.0,1.0,0.0,www-bbc-co-uk,https://www.bbc.co.uk/aboutthebbc,Nonprofit organization
HM Government,https://www.gov.uk,,,United Kingdom,GB,1.0,1.0,1.0,0.0,0.0,0.0,0.0,0.0,www-gov-uk,,Government
King's College London,https://www.kcl.ac.uk/,"King’s College London is multi-faculty research-led institution & one of the top 10 UK universities in the world. King’s enjoys a rich legacy of excellence in computer science: Charles Babbage first demonstrated his prototype analytical engine, generally considered the first computer, at King’s in the 1840s.",,United Kingdom,GB,0.0,0.0,0.0,1.0,0.0,0.0,0.0,0.0,www-kcl-ac-uk,https://www.kcl.ac.uk/,Academia
LSEG,https://www.lseg.com/en,,,United Kingdom,GB,,,,,,,,,www-lseg-com,https://www.lseg.com/en/about-us,Large enterprise
MKR Digital Ltd,https://www.worddb.com,"The Word Database is a comprehensive online database offering word definitions, synonyms, antonyms, word games, and puzzles. It aids in enhancing vocabulary and language skills, serving as a valuable resource for students, writers, and word enthusiasts. WordDB follows W3C recommendations and technology to help drive innovation in web standards.",https://www.w3.org/thumbnails/120/logos/organizations/155442.png?x-version=1,United Kingdom,GB,,,,,,,,,www-worddb-com,https://www.worddb.com/about,Small/medium enterprise
Movement for an Open Web,https://movementforanopenweb.com/,"The Movement for an Open Web (MOW) is a campaign group dedicated to preserving an open and decentralised web in the face of efforts by the major platforms to exert monopolistic control over its operations. MOW simply asks that any fundamental changes to the way the web works are open and competitive, not proprietary and closed.",https://www.w3.org/thumbnails/120/logos/organizations/148743.png?x-version=1,United Kingdom,GB,,,,,,,,,movementforanopenweb-com,https://movementforanopenweb.com/#who,Nonprofit organization
NCSC,https://www.ncsc.gov.uk/,,,United Kingdom,GB,0.0,0.0,1.0,0.0,0.0,0.0,0.0,0.0,www-ncsc-gov-uk,,Government
Nomensa,http://www.nomensa.com/,,,United Kingdom,GB,,,,,,,,,www-nomensa-com,https://www.nomensa.com/about-us/,Small/medium enterprise
Powermapper Software,https://www.powermapper.com/,,,United Kingdom,GB,,,,,,,,,www-powermapper-com,https://www.powermapper.com/company/,Small/medium enterprise
Royal National Institute of Blind People (RNIB),http://www.rnib.org.uk,,,United Kingdom,GB,0.0,0.0,0.0,1.0,0.0,0.0,0.0,0.0,www-rnib-org-uk,https://www.rnib.org.uk/about-us/,Nonprofit organization
TetraLogical Services Ltd,https://tetralogical.com,,,United Kingdom,GB,0.0,0.0,0.0,1.0,1.0,0.0,1.0,0.0,tetralogical-com,https://tetralogical.com/about,Small/medium enterprise
The National Archives,http://www.nationalarchives.gov.uk,,,United Kingdom,GB,,,,,,,,,www-nationalarchives-gov-uk,https://www.nationalarchives.gov.uk/about/,Government
The Open University,http://www.open.ac.uk,,,United Kingdom,GB,0.0,0.0,0.0,0.0,0.0,0.0,0.0,1.0,www-open-ac-uk,https://www.open.ac.uk/about/main/strategy-and-policies/policies-and-statements/website-accessibility-open-university),Academia
University of Edinburgh,https://www.ed.ac.uk/,"The School of Informatics at the University of Edinburgh is a world leader in research and teaching in Computer Science, Artificial Intelligence and Cognitive Science.  W3C technologies are both used and studied here,
and we are proud to contribute to their development.",https://www.w3.org/thumbnails/120/logos/organizations/9963.png?x-version=4,United Kingdom,GB,,,,,,,,,www-ed-ac-uk,https://www.ed.ac.uk/about,Academia
University of Oxford,https://www.ox.ac.uk/,,,United Kingdom,GB,0.0,1.0,0.0,0.0,0.0,0.0,0.0,0.0,www-ox-ac-uk,https://www.ox.ac.uk/about,Academia
1Acreate,https://1acreate.com/,"1Acreate is a team of U.S. based professionals who specialize in helping B2B companies define their role in the marketplace, achieve accessibility in their digital presence, and promote them in the arenas their customers shop.  From industrial manufacturing to SAS, our website design and digital marketing solutions can help you achieve success",https://www.w3.org/thumbnails/120/logos/organizations/162847.png?x-version=1,United States,US,,,,,,,,,1acreate-com,https://1acreate.com/about,Small/Medium Enterprise
Adobe,https://www.adobe.com/,"Adobe revolutionizes how the world engages with ideas and information - anytime, anywhere and through any medium. As a leading provider of best-in-class Web technologies, Adobe actively supports the development of W3C standards promoting global interoperability.",,United States,US,1.0,1.0,1.0,1.0,1.0,1.0,0.0,0.0,www-adobe-com,,Large enterprise
Agog,http://agog.org,,,United States,US,0.0,0.0,0.0,1.0,1.0,0.0,0.0,0.0,agog-org,https://agog.org/about,Nonprofit organization
Airbnb Inc,https://www.airbnb.com,,,United States,US,1.0,0.0,1.0,0.0,0.0,0.0,0.0,0.0,www-airbnb-com,,Large enterprise
AKA Protocol,https://mem.co/,,,United States,US,,,,,,,,,mem-co,,Technical community
Akamai Technologies,https://www.akamai.com,"Akamai’s mission is to make digital experiences fast, intelligent and secure. Our intelligent edge platform surrounds everything, from the enterprise to the cloud. It keeps apps and experiences closer to users — and attacks and threats far away.",https://www.w3.org/thumbnails/120/logos/organizations/61566.png?x-version=3,United States,US,1.0,1.0,1.0,1.0,1.0,0.0,0.0,0.0,www-akamai-com,,Large enterprise
Amazon,https://www.amazon.com,,https://www.w3.org/thumbnails/120/logos/organizations/108617.png?x-version=4,United States,US,1.0,1.0,1.0,1.0,1.0,1.0,0.0,0.0,www-amazon-com,,Large enterprise
American Express Company,http://www.americanexpress.com,,,United States,US,0.0,0.0,1.0,0.0,0.0,0.0,0.0,0.0,www-americanexpress-com,https://www.americanexpress.com/en-us/careers/?inav=us_footer_about_careers,Large enterprise
"Anonyome Labs, Inc.",https://anonyome.com,,https://www.w3.org/thumbnails/120/logos/organizations/139630.png?x-version=1,United States,US,0.0,1.0,0.0,0.0,0.0,0.0,0.0,0.0,anonyome-com,https://anonyome.com/about-us/,Large enterprise
Apache Software Foundation,http://www.apache.org/,,,United States,US,0.0,1.0,0.0,0.0,0.0,1.0,0.0,0.0,www-apache-org,http://www.apache.org/,Nonprofit organization
Apple Inc.,http://www.apple.com/,,,United States,US,1.0,1.0,1.0,1.0,1.0,1.0,0.0,0.0,www-apple-com,,Large enterprise
Arizona State University,https://www.asu.edu,,https://www.w3.org/thumbnails/120/logos/organizations/109668.png?x-version=1,United States,US,0.0,1.0,0.0,0.0,0.0,0.0,0.0,0.0,www-asu-edu,https://www.asu.edu/about/spanish,Academia
AT&T,http://www.att.com/,,,United States,US,1.0,0.0,0.0,1.0,1.0,0.0,0.0,0.0,www-att-com,,Large enterprise
"AudioEye, Inc.",https://www.audioeye.com,,https://www.w3.org/thumbnails/120/logos/organizations/116510.png?x-version=1,United States,US,,,,,,,,,www-audioeye-com,,Large enterprise
Autodesk,https://www.autodesk.com,,https://www.w3.org/thumbnails/120/logos/organizations/1086.png?x-version=6,United States,US,0.0,1.0,0.0,1.0,1.0,0.0,0.0,0.0,www-autodesk-com,https://www.autodesk.com/company,Large enterprise
Bank of America,http://www.bankofamerica.com,,,United States,US,,,,,,,,,www-bankofamerica-com,https://about.bankofamerica.com/,Large enterprise
Benetech,http://benetech.org,"Benetech is a proud member of the W3C, collaborating to build standards that support the creation of born accessible solutions. Benetech’s commitment to digital accessibility is the cornerstone of our global Bookshare initiative, and our Global Certified Accessible program verifies EPUB accessibility to help publishers build accessible ebooks.",https://www.w3.org/thumbnails/120/logos/organizations/66769.png?x-version=3,United States,US,0.0,0.0,0.0,0.0,0.0,1.0,0.0,0.0,benetech-org,https://benetech.org/who-we-are/,Nonprofit organization
Beyond Limits Foundation,http://beyondlimitsfoundation.com,,,United States,US,,,,,,,,,beyondlimitsfoundation-com,https://beyondlimitsfoundation.com/about/,Nonprofit organization
Bitwarden,https://bitwarden.com,,https://www.w3.org/thumbnails/120/logos/organizations/139249.png?x-version=2,United States,US,0.0,0.0,1.0,0.0,0.0,0.0,0.0,0.0,bitwarden-com,https://bitwarden.com/about/,Nonprofit organization
Blerify Inc,http://blerify.com,,,United States,US,,,,,,,,,blerify-com,http://blerify.com/about-us,Small/medium enterprise
"Block, Inc.",https://block.xyz/,,,United States,US,0.0,0.0,1.0,0.0,0.0,0.0,0.0,0.0,block-xyz,,Large enterprise
Bloomberg,https://www.bloomberg.com/,,,United States,US,0.0,1.0,0.0,0.0,0.0,0.0,0.0,0.0,www-bloomberg-com,,Large enterprise
Bocoup,https://www.bocoup.com,,https://www.w3.org/thumbnails/120/logos/organizations/103247.png?x-version=1,United States,US,1.0,0.0,0.0,0.0,0.0,0.0,0.0,0.0,www-bocoup-com,https://www.bocoup.com/about,Nonprofit organization
Book Industry Study Group,http://www.bisg.org,,,United States,US,0.0,0.0,0.0,0.0,0.0,1.0,0.0,0.0,www-bisg-org,http://www.bisg.org/about,Nonprofit organization
Brave Software Inc.,https://brave.com,,,United States,US,1.0,0.0,1.0,0.0,0.0,0.0,0.0,0.0,brave-com,https://brave.com/about/,Small/medium enterprise
California Baptist University,https://calbaptist.edu/,,,United States,US,0.0,1.0,0.0,0.0,0.0,0.0,0.0,0.0,calbaptist-edu,https://calbaptist.edu/about/index.php,Academia
"Cambium Assessment, Inc.",https://cambiumassessment.com/,,,United States,US,,,,,,,,,cambiumassessment-com,https://cambiumassessment.com/about.html,Small/medium enterprise
Capital One Financial,http://www.capitalone.com,,https://www.w3.org/thumbnails/120/logos/organizations/98428.png?x-version=1,United States,US,0.0,0.0,1.0,0.0,0.0,0.0,0.0,0.0,www-capitalone-com,https://www.capitalone.com/about/,Large enterprise
Center for Democracy and Technology,https://cdt.org/,"Center for Democracy & Technology (CDT) works to promote democratic values by shaping technology policy and architecture, with a focus on the rights of the individual. CDT participates in standards development organizations like the W3C to champion user-centric, human rights-based values in developing the Internet’s underlying infrastructure.",https://www.w3.org/thumbnails/120/logos/organizations/9848.png?x-version=3,United States,US,1.0,0.0,1.0,0.0,0.0,0.0,0.0,0.0,cdt-org,,Nonprofit organization
Cisco,http://www.cisco.com,,,United States,US,1.0,0.0,1.0,1.0,1.0,0.0,0.0,0.0,www-cisco-com,https://www.cisco.com/c/en/us/about.html,Large enterprise
"CleverThis, Inc.",https://cleverthis.com,"CleverThis is dedicated to ethical data science, championing W3C's open web standards to realize a more equitable web combating bias and prejudice. As a member, we strive to create fair, transparent solutions that respect diversity and inclusivity. Together with W3C, we're building a more equitable digital future for all.",https://www.w3.org/thumbnails/120/logos/organizations/155479.png?x-version=1,United States,US,0.0,1.0,0.0,0.0,0.0,0.0,0.0,0.0,cleverthis-com,,Small/Medium Enterprise
Client side development Inc,https://cside.dev,,https://www.w3.org/thumbnails/120/logos/organizations/159348.png?x-version=2,United States,US,,,,,,,,,cside-dev,https://cside.dev/about,Small/Medium Enterprise
College Board,https://www.collegeboard.org,,,United States,US,,,,,,,,,www-collegeboard-org,,Nonprofit organization
Comcast Corporation,http://www.comcast.com/,,,United States,US,1.0,0.0,0.0,1.0,0.0,0.0,0.0,0.0,www-comcast-com,,Large enterprise
Conexxus,http://www.conexxus.org,,,United States,US,0.0,1.0,1.0,0.0,1.0,0.0,0.0,1.0,www-conexxus-org,,Nonprofit organization
Consensys,https://consensys.io/,"Consensys is the leading blockchain and web3 software company. Since 2014, it has been at the forefront of innovation, pioneering technological developments within the web3 ecosystem. Through its product suite: MetaMask, Infura, Linea, Diligence, and the NFT platform, Consensys has become a trusted collaborator for users, creators, and developers.",https://www.w3.org/thumbnails/120/logos/organizations/95986.png?x-version=3,United States,US,0.0,1.0,0.0,0.0,0.0,0.0,0.0,0.0,consensys-io,https://consensys.io/company,Large enterprise
COVESA,https://covesa.global,,,United States,US,,,,,,,,,covesa-global,https://covesa.global/about-covesa/,Nonprofit organization
"CVS Pharmacy, Inc.",https://www.cvshealth.com,,,United States,US,,,,,,,,,www-cvshealth-com,https://www.cvshealth.com/about.html,Large enterprise
"Daily, Co",https://www.daily.co,,https://www.w3.org/thumbnails/120/logos/organizations/141557.png?x-version=1,United States,US,0.0,0.0,0.0,1.0,1.0,0.0,0.0,0.0,www-daily-co,,Small/Medium Enterprise
Data Transfer Initiative,http://dtinit.org,,,United States,US,,,,,,,,,dtinit-org,http://dtinit.org/about,Nonprofit organization
Datadog,https://www.datadoghq.com/,,https://www.w3.org/thumbnails/120/logos/organizations/127220.png?x-version=1,United States,US,0.0,0.0,0.0,1.0,1.0,0.0,0.0,0.0,www-datadoghq-com,https://www.datadoghq.com/about/awards/,Large enterprise
Defense Information Systems Agency,https://www.disa.mil,,,United States,US,0.0,0.0,1.0,0.0,1.0,0.0,0.0,0.0,www-disa-mil,https://www.disa.mil/About/Contact,Government
Department of Homeland Security,https://www.dhs.gov/,,https://www.w3.org/thumbnails/120/logos/organizations/36700.png?x-version=1,United States,US,0.0,1.0,0.0,0.0,0.0,0.0,0.0,0.0,www-dhs-gov,https://www.dhs.gov/about-dhs,Government
"Deque Systems, Inc.",http://www.deque.com,"At Deque, digital accessibility is our mission and our passion. As a leading supplier of digital accessibility software and solutions, Deque actively supports and participates in the W3C and its ongoing efforts to shape and establish standards for digital inclusion.",https://www.w3.org/thumbnails/120/logos/organizations/38621.png?x-version=3,United States,US,,,,,,,,,www-deque-com,https://dequeuniversity.com/,Large enterprise
"Deronyan, LLC",https://deronyan.com,,https://www.w3.org/thumbnails/120/logos/organizations/151359.png?x-version=1,United States,US,0.0,1.0,0.0,0.0,0.0,0.0,0.0,0.0,deronyan-com,,Small/Medium Enterprise
Digital Bazaar,https://www.digitalbazaar.com/,"W3C is the broadest, most open, and most effective venue we have found for engaging with industry on next-generation privacy-preserving technologies for individuals and organizations. The work on the Web, Verifiable Credentials, and Decentralized Identifiers, as well as access to the brightest minds, is what draws us to do our work at W3C.",https://www.w3.org/thumbnails/120/logos/organizations/48024.png?x-version=4,United States,US,0.0,1.0,0.0,0.0,0.0,0.0,0.0,0.0,www-digitalbazaar-com,https://www.digitalbazaar.com/about-us/,Nonprofit organization
Discord,https://discord.com/,,https://www.w3.org/thumbnails/120/logos/organizations/126627.png?x-version=1,United States,US,0.0,0.0,0.0,1.0,1.0,0.0,0.0,0.0,discord-com,https://discord.com/careers,Large enterprise
Discover Financial Services LLC,https://www.discover.com/,,,United States,US,0.0,0.0,1.0,0.0,0.0,0.0,0.0,0.0,www-discover-com,https://www.discover.com/company/?ICMPGN=PUB_FTR_ABOUT_ABTDISC,Large enterprise
"Dolby Laboratories, Inc.",http://www.dolby.com,,https://www.w3.org/thumbnails/120/logos/organizations/61556.png?x-version=2,United States,US,0.0,0.0,0.0,1.0,0.0,0.0,0.0,0.0,www-dolby-com,http://www.dolby.com/about/,Large enterprise
"Duck Duck Go, Inc.",https://duckduckgo.com,,,United States,US,1.0,0.0,1.0,0.0,0.0,0.0,0.0,0.0,duckduckgo-com,,Small/Medium Enterprise
Dynatrace LLC,https://www.dynatrace.com/,,,United States,US,,,,,,,,,www-dynatrace-com,,Large enterprise
EcomBack,https://www.ecomback.com/,We help businesses make their websites accessible to all.,https://www.w3.org/thumbnails/120/logos/organizations/146430.png?x-version=2,United States,US,,,,,,,,,www-ecomback-com,https://www.ecomback.com/about-us,Nonprofit organization
Fastly,https://fastly.com/,,https://www.w3.org/thumbnails/120/logos/organizations/71673.png?x-version=1,United States,US,0.0,0.0,1.0,0.0,0.0,0.0,0.0,0.0,fastly-com,https://fastly.com/about/careers,Large enterprise
Futurewei Technologies,https://www.futurewei.com,,,United States,US,0.0,0.0,0.0,0.0,1.0,0.0,0.0,0.0,www-futurewei-com,https://www.futurewei.com/,Large enterprise
Google LLC,https://www.google.com/,Google's mission is to organize the world’s information and make it universally accessible and useful.,https://www.w3.org/thumbnails/120/logos/organizations/35662.png?x-version=1,United States,US,1.0,1.0,1.0,1.0,1.0,1.0,0.0,1.0,www-google-com,https://www.google.com/intl/pt-BR/about.html,Large enterprise
"Graphmetrix, Inc.",https://graphmetrix.com/,,,United States,US,0.0,1.0,0.0,0.0,0.0,0.0,1.0,0.0,graphmetrix-com,,Large enterprise
Holopin,https://holopin.io,"Holopin is a developer-focused digital badge platform that lets organizations issue sticker-like digital credentials. We have a strong focus on website integrations, and prioritize accessibility in our badge standards.
As a W3C Member, Holopin is committed to building accessible, interoperable tools that enhance learning & recognition experience.",https://www.w3.org/thumbnails/120/logos/organizations/141556.png?x-version=1,United States,US,,,,,,,,,holopin-io,,Small/medium enterprise
HUMAN,https://www.humansecurity.com/,,https://www.w3.org/thumbnails/120/logos/organizations/82663.png?x-version=2,United States,US,1.0,0.0,1.0,0.0,0.0,0.0,0.0,0.0,www-humansecurity-com,https://www.humansecurity.com/company/about/,Large enterprise
Hypothes.is Project,https://hypothes.is,,,United States,US,0.0,0.0,0.0,0.0,0.0,1.0,0.0,1.0,hypothes-is,https://web.hypothes.is/about/,Academia
"IAB Technology Laboratory, Inc.",https://iabtechlab.com/,,https://www.w3.org/thumbnails/120/logos/organizations/70941.png?x-version=3,United States,US,1.0,0.0,1.0,0.0,0.0,0.0,0.0,0.0,iabtechlab-com,https://iabtechlab.com/about-the-iab-tech-lab/,Technical community
IBM Corporation,http://www.ibm.com/,"IBM is a leading open hybrid cloud platform and cognitive solutions company, and one of the largest technology and consulting employers in the world. IBM is proud to support the W3C and the important role it plays in the development of the Web.",,United States,US,1.0,0.0,1.0,1.0,0.0,0.0,0.0,1.0,www-ibm-com,https://www.ibm.com/about?lnk=hpii1us,Large enterprise
Identity.com,https://www.identity.org,,,United States,US,0.0,1.0,0.0,0.0,0.0,0.0,0.0,0.0,www-identity-org,https://www.identity.com/about/,Nonprofit organization
Ignite Retail Technology,http://ignite-retail.com,,https://www.w3.org/thumbnails/120/logos/organizations/151838.png?x-version=1,United States,US,0.0,1.0,1.0,0.0,0.0,0.0,0.0,1.0,ignite-retail-com,,Small/medium enterprise
Indeed,https://www.indeed.com/,,,United States,US,1.0,0.0,0.0,0.0,0.0,0.0,0.0,0.0,www-indeed-com,,Large enterprise
Inrupt Inc.,https://inrupt.com/,,https://www.w3.org/thumbnails/120/logos/organizations/110197.png?x-version=3,United States,US,1.0,1.0,0.0,0.0,0.0,0.0,0.0,0.0,inrupt-com,https://inrupt.com/about,Large enterprise
Intel Corporation,http://www.intel.com/,,,United States,US,0.0,1.0,0.0,1.0,1.0,0.0,1.0,1.0,www-intel-com,,Large enterprise
Interledger Foundation,https://interledger.org/,,https://www.w3.org/thumbnails/120/logos/organizations/134143.png?x-version=1,United States,US,0.0,0.0,1.0,0.0,0.0,0.0,0.0,0.0,interledger-org,https://interledger.org/about-us,Nonprofit organization
Internet2,https://internet2.edu,,https://www.w3.org/thumbnails/120/logos/organizations/132550.png?x-version=1,United States,US,,,,,,,,,internet2-edu,https://internet2.edu/community/about-us/,Nonprofit organization
J. Paul Getty Trust,http://getty.edu/,,,United States,US,0.0,1.0,0.0,0.0,0.0,0.0,0.0,0.0,getty-edu,https://www.getty.edu/art/,Nonprofit organization
Kaiser Permanente,http://kp.org,,,United States,US,0.0,1.0,0.0,0.0,0.0,0.0,0.0,0.0,kp-org,https://about.kaiserpermanente.org/,Nonprofit organization
Kevel,https://www.kevel.com/,,,United States,US,1.0,0.0,0.0,0.0,0.0,0.0,0.0,0.0,www-kevel-com,https://www.kevel.com/about,Large enterprise
Knowbility,https://knowbility.org,,,United States,US,0.0,0.0,1.0,0.0,0.0,0.0,0.0,1.0,knowbility-org,https://knowbility.org/about,Nonprofit organization
Lawrence Berkeley National Laboratory,http://www.lbl.gov/,,,United States,US,1.0,1.0,0.0,0.0,0.0,0.0,0.0,0.0,www-lbl-gov,https://www.lbl.gov/about/,Nonprofit organization
Legendary Requirements,https://legreq.com,,,United States,US,0.0,1.0,0.0,0.0,0.0,0.0,0.0,0.0,legreq-com,,Small/medium enterprise
Level Access,http://www.levelaccess.com,"At Level Access (formerly SSB BART Group), we believe that full and equitable access to technology is a human right. Through our working group involvement in accessibility standards and our products and services, we empower organizations to create accessible & inclusive digital experiences that increase equity for people with disabilities.",https://www.w3.org/thumbnails/120/logos/organizations/69854.png?x-version=1,United States,US,,,,,,,,,www-levelaccess-com,,Nonprofit organization
Library of Congress,http://www.loc.gov,,,United States,US,,,,,,,,,www-loc-gov,,Government
"LunarG, Inc.",https://www.lunarg.com,,https://www.w3.org/thumbnails/120/logos/organizations/161991.png?x-version=1,United States,US,0.0,0.0,0.0,1.0,0.0,0.0,0.0,0.0,www-lunarg-com,https://www.lunarg.com/about/,Small/medium enterprise
"Magic Leap, Inc.",http://www.magicleap.com/,,,United States,US,0.0,0.0,0.0,1.0,1.0,0.0,0.0,0.0,www-magicleap-com,http://www.magicleap.com/about-us,Large enterprise
Magnite,http://www.magnite.com,,,United States,US,1.0,0.0,0.0,0.0,0.0,0.0,0.0,0.0,www-magnite-com,http://www.magnite.com/about-us/,Large enterprise
Mastercard Incorporated,https://www.mastercard.us/en-us.html,,,United States,US,0.0,1.0,1.0,0.0,0.0,0.0,0.0,0.0,www-mastercard-us,https://www.mastercard.us/us/en/for-the-world/about-us.html,Large enterprise
Meedan,http://www.meedan.com,,,United States,US,,,,,,,,,www-meedan-com,http://www.meedan.com/about-us,Nonprofit organization
Merchant Advisory Group,http://www.merchantadvisorygroup.org/,,,United States,US,0.0,0.0,1.0,0.0,0.0,0.0,0.0,0.0,www-merchantadvisorygroup-org,http://www.merchantadvisorygroup.org/about/careers,Nonprofit organization
Meta,https://www.meta.com/,,https://www.w3.org/thumbnails/120/logos/organizations/46877.png?x-version=1,United States,US,1.0,0.0,1.0,1.0,1.0,0.0,0.0,0.0,www-meta-com,,Large enterprise
Microsoft Corporation,https://www.microsoft.com/,,,United States,US,1.0,1.0,1.0,1.0,1.0,0.0,0.0,1.0,www-microsoft-com,https://www.microsoft.com/en-us/about,Large enterprise
MITRE Corporation,http://www.mitre.org/,"A not for profit public interest organization, MITRE works with the US government to apply systems engineering and advanced technology to issues of critical national importance.  One of the W3C's founding Members, MITRE is strongly committed to open, vendor-neutral Web standards.",,United States,US,0.0,1.0,1.0,1.0,1.0,0.0,0.0,0.0,www-mitre-org,http://www.mitre.org/who-we-are,Nonprofit organization
Monotype,http://www.monotype.com/,"Monotype enables creative minds to build and express authentic brands through design, technology and expertise, helping users communicate their brand identities both via traditional media and on the web using W3C technologies.",,United States,US,,,,,,,,,www-monotype-com,,Large enterprise
MovieLabs,http://movielabs.com,,,United States,US,0.0,0.0,0.0,1.0,1.0,0.0,0.0,0.0,movielabs-com,http://movielabs.com/about/,Nonprofit organization
Mozilla Foundation,https://www.mozilla.org/,,https://www.w3.org/thumbnails/120/logos/organizations/35507.png?x-version=1,United States,US,1.0,1.0,1.0,1.0,1.0,0.0,0.0,0.0,www-mozilla-org,https://www.mozilla.org/en-US/about/,Nonprofit organization
National Institute of Standards and Technology (NIST),http://www.nist.gov,"NIST, a world-class research and technology laboratory within the U.S Department of Commerce, supports industry by developing measurements and standards.  NIST is working with the W3C to develop conformance tests to ensure the quality of software and conformance to standards.",,United States,US,0.0,1.0,1.0,1.0,1.0,0.0,0.0,0.0,www-nist-gov,http://www.nist.gov/about-nist,Government
Navy Federal Credit Union,https://www.navyfederal.org/,"Navy Federal Credit Union is a member-owned and not-for-profit credit union serving the military, veterans and their families. Through membership with the W3C, we aim to advocate open and inclusive digital standards throughout the Web.",https://www.w3.org/thumbnails/120/logos/organizations/125874.png?x-version=3,United States,US,0.0,0.0,1.0,0.0,0.0,0.0,0.0,0.0,www-navyfederal-org,https://www.navyfederal.org/about.html,Nonprofit organization
Netflix Inc.,http://www.netflix.com,,,United States,US,1.0,1.0,1.0,1.0,1.0,0.0,0.0,0.0,www-netflix-com,,Large enterprise
NextRoll,https://www.nextroll.com,,,United States,US,1.0,0.0,1.0,0.0,0.0,0.0,0.0,0.0,www-nextroll-com,https://www.nextroll.com/about,Large enterprise
Nok Nok Labs,http://www.noknok.com,,https://www.w3.org/thumbnails/120/logos/organizations/84446.png?x-version=3,United States,US,0.0,0.0,1.0,0.0,0.0,0.0,0.0,0.0,www-noknok-com,https://noknok.com/about/,Large enterprise
NVIDIA,https://www.nvidia.com,,https://www.w3.org/thumbnails/120/logos/organizations/53750.png?x-version=1,United States,US,0.0,1.0,0.0,1.0,1.0,0.0,0.0,0.0,www-nvidia-com,https://www.nvidia.com/en-us/about-nvidia/,Large enterprise
OASIS,http://www.oasis-open.org,,,United States,US,,,,,,,,,www-oasis-open-org,https://www.oasis-open.org/org/,Nonprofit organization
"Object Management Group, Inc. (OMG)",http://www.omg.org/,,,United States,US,,,,,,,,,www-omg-org,https://www.omg.org/about/,Nonprofit organization
Okta,https://www.okta.com/,,https://www.w3.org/thumbnails/120/logos/organizations/131353.png?x-version=1,United States,US,1.0,0.0,1.0,0.0,0.0,0.0,0.0,0.0,www-okta-com,https://www.okta.com/company/,Large enterprise
Open Geospatial Consortium,https://www.ogc.org/,"With location at the heart of every decision, it's more important than ever to collaborate across industries. OGC is proud to partner with W3C to ensure that location (spatial) data is Findable, Accessible, Interoperable, and Reusable (FAIR).",https://www.w3.org/thumbnails/120/logos/organizations/39381.png?x-version=3,United States,US,0.0,1.0,0.0,0.0,0.0,0.0,0.0,0.0,www-ogc-org,https://www.ogc.org/about-ogc/policies/privacy-policy/,Nonprofit organization
OpenJS Foundation,https://openjsf.org/,,,United States,US,,,,,,,,,openjsf-org,https://openjsf.org/about,Nonprofit organization
OpenLink Software Inc.,http://www.openlinksw.com,,,United States,US,1.0,1.0,0.0,0.0,0.0,0.0,0.0,1.0,www-openlinksw-com,https://www.openlinksw.com/about/id/entity/urn/mdata:websites:google:seo,Small/medium enterprise
OpenX Technologies Inc,https://www.openx.com/,,https://www.w3.org/thumbnails/120/logos/organizations/128173.png?x-version=3,United States,US,1.0,0.0,0.0,0.0,0.0,0.0,0.0,0.0,www-openx-com,https://www.openx.com/company/,Large enterprise
Oracle Corporation,http://www.oracle.com/,"Oracle is committed to preserving the open standards-based philosophy that has made the World Wide Web so successful.  We believe the W3C's open, consensus-driven process and associated rigorous public reviews make it uniquely positioned to guide the Web's technical evolution.",,United States,US,1.0,1.0,1.0,0.0,0.0,0.0,0.0,1.0,www-oracle-com,,Large enterprise
PayPal,https://www.paypal.com,,https://www.w3.org/thumbnails/120/logos/organizations/83781.png?x-version=1,United States,US,0.0,0.0,1.0,0.0,0.0,0.0,0.0,0.0,www-paypal-com,https://www.paypal.com/br/webapps/mpp/about,Large enterprise
Ping Identity,https://www.pingidentity.com,,https://www.w3.org/thumbnails/120/logos/organizations/108522.png?x-version=3,United States,US,1.0,1.0,1.0,0.0,0.0,0.0,0.0,0.0,www-pingidentity-com,https://www.pingidentity.com/en/company/about-us.html,Large enterprise
Playco,https://www.play.co/,,,United States,US,,,,,,,,,www-play-co,https://www.play.co/about,Large enterprise
Qualcomm,https://www.qualcomm.com/,,,United States,US,0.0,1.0,0.0,0.0,1.0,0.0,0.0,0.0,www-qualcomm-com,,Large enterprise
RANDA Solutions,https://www.randasolutions.com/,,https://www.w3.org/thumbnails/120/logos/organizations/127610.png?x-version=2,United States,US,0.0,1.0,0.0,0.0,0.0,0.0,0.0,0.0,www-randasolutions-com,,Large enterprise
Raptive,https://raptive.com/,"Raptive (formerly CafeMedia) manages digital advertising sales + technology for 5,000+ independent publishers. Ranked as the 7th largest digital property, we reach about 195 million web users. We work with W3C to ensure the future of web advertising serves independent publishers, and the consumers who rely on the content they produce.",https://www.w3.org/thumbnails/120/logos/organizations/121212.png?x-version=8,United States,US,1.0,0.0,1.0,0.0,0.0,0.0,0.0,0.0,raptive-com,https://raptive.com/about/,Small/medium enterprise
Rhonda Weiss Center for Accessible IDEA Data,https://www.weissta.org/,"The Rhonda Weiss Center for Accessible IDEA Data (Weiss Center) provides technical assistance to state education agencies (SEAs) in the United States to improve and enhance the capacity to collect, report, analyze, and use accurate data, required under the Individuals with Disabilities Education Act (IDEA) in dynamic, accessible formats.",https://www.w3.org/thumbnails/120/logos/organizations/143583.png?x-version=1,United States,US,,,,,,,,,www-weissta-org,https://www.weissta.org/about,Nonprofit organization
Salesforce,https://www.salesforce.com/,,,United States,US,1.0,1.0,0.0,0.0,0.0,0.0,0.0,0.0,www-salesforce-com,,Nonprofit organization
Skynet Technologies,https://www.skynettechnologies.com/,"Skynet Technologies is an ISO 9001:2015 & ISO 27001:2013 certified full-service development company; delivering ecommerce, digital marketing, web accessibility (ADA, DDA, WCAG, 508), web/app development & maintenance. Our headquarter is in Independence (KY) & other offices are in Las Vegas (NV), Gainesville (FL), Melbourne (VIC) & Jamnagar (INDIA).",https://www.w3.org/thumbnails/120/logos/organizations/140732.png?x-version=2,United States,US,,,,,,,,,www-skynettechnologies-com,https://www.skynettechnologies.com/about-us,Small/Medium Enterprise
Snap,https://www.snap.com/,"Snap Inc. is a technology company. 

We believe the camera presents the greatest opportunity to improve the way people live and communicate. 

We contribute to human progress by empowering people to express themselves, live in the moment, learn about the world, and have fun together.",https://www.w3.org/thumbnails/120/logos/organizations/135698.png?x-version=1,United States,US,1.0,0.0,0.0,0.0,0.0,0.0,0.0,0.0,www-snap-com,,Large enterprise
Social Web Foundation,http://socialwebfoundation.org,,,United States,US,,,,,,,,,socialwebfoundation-org,https://socialwebfoundation.org/about/,Nonprofit organization
Spherical Cow Consulting,https://sphericalcowconsulting.com,,,United States,US,1.0,0.0,0.0,0.0,0.0,0.0,0.0,0.0,sphericalcowconsulting-com,,Technical community
"Spruce Systems, Inc.",https://spruceid.com,"SpruceID is building a future where users control their identity and data across the web. We participate in global standards development, such as within W3C, to ensure that digital identity works for everyone, everywhere.",https://www.w3.org/thumbnails/120/logos/organizations/126165.png?x-version=2,United States,US,0.0,1.0,1.0,0.0,0.0,0.0,0.0,0.0,spruceid-com,https://spruceid.com/about,Small/Medium Enterprise
Stanford University,http://www.stanford.edu/,,,United States,US,,,,,,,,,www-stanford-edu,https://www.stanford.edu/about/,Academia
Stony Brook University,http://www.stonybrook.edu,,https://www.w3.org/thumbnails/120/logos/organizations/66654.png?x-version=1,United States,US,0.0,1.0,0.0,0.0,0.0,0.0,0.0,0.0,www-stonybrook-edu,https://www.stonybrook.edu/about/,Academia
Switchchord,https://www.switchchord.com/,,https://www.w3.org/thumbnails/120/logos/organizations/139773.png?x-version=1,United States,US,0.0,1.0,0.0,1.0,0.0,0.0,0.0,0.0,www-switchchord-com,https://www.switchchord.com/about-us,Small/Medium Enterprise
The New York Times,https://www.nytimes.com/,,,United States,US,1.0,0.0,0.0,1.0,1.0,0.0,0.0,0.0,www-nytimes-com,https://www.nytimes.com/newsletters/serial,Large enterprise
The News Corporation,https://newscorp.com/,,,United States,US,1.0,0.0,0.0,0.0,0.0,1.0,0.0,0.0,newscorp-com,https://newscorp.com/about-news-corp/,Large enterprise
The Trade Desk,https://www.thetradedesk.com/,,,United States,US,1.0,0.0,0.0,0.0,0.0,0.0,0.0,0.0,www-thetradedesk-com,https://www.thetradedesk.com/about-us,Large enterprise
The Washington Post,https://www.washingtonpost.com/,"The Washington Post participates by advocating for standards and practices that promote a healthy digital publishing ecosystem and improves the customer experience, for readers and advertisers.",,United States,US,1.0,1.0,1.0,1.0,1.0,1.0,0.0,0.0,www-washingtonpost-com,,Large enterprise
TinyCloud,http://tinycloud.xyz,,,United States,US,0.0,1.0,0.0,0.0,0.0,0.0,0.0,0.0,tinycloud-xyz,,Small/Medium Enterprise
TopQuadrant,http://www.topquadrant.com,"TopQuadrant provides TopBraid, enterprise-level solution platform for information integration, policy management, intelligent catalogs and other applications based on the Semantic Web standards. Through its products, services and training programs TopQuadrant is committed to bringing W3C standards into real world practice in enterprise applications",,United States,US,0.0,1.0,0.0,0.0,0.0,0.0,0.0,0.0,www-topquadrant-com,http://www.topquadrant.com/about-us/,Large enterprise
TPGi,https://www.tpgi.com,,https://www.w3.org/thumbnails/120/logos/organizations/68687.png?x-version=2,United States,US,0.0,1.0,0.0,0.0,0.0,0.0,0.0,0.0,www-tpgi-com,https://www.tpgi.com/about/,Small/medium enterprise
Tradeverifyd,https://tradeverifyd.com,"Tradeverifyd empowers enterprises to monitor, anticipate, and address risks across global supply chains. To ensure that our solutions can reach everyone equally, we are firmly committed to the development of open standards at W3C.",https://www.w3.org/thumbnails/120/logos/organizations/130635.png?x-version=5,United States,US,0.0,1.0,0.0,0.0,1.0,0.0,0.0,0.0,tradeverifyd-com,https://tradeverifyd.com/about-us,Small/medium enterprise
Trinsic,https://trinsic.id/,,,United States,US,0.0,1.0,0.0,0.0,0.0,0.0,0.0,0.0,trinsic-id,https://trinsic.id/about/,Large enterprise
Understood,http://www.understood.org,"Nonprofit empowering the 70 million people with learning and thinking differences in the United States. We provide free, expert-vetted resources and support so people who learn and think differently can thrive — in school, at work, and throughout life. We strive to make our products usable to everyone—regardless of ability, situation, or context.",https://www.w3.org/thumbnails/120/logos/organizations/125364.png?x-version=1,United States,US,,,,,,,,,www-understood-org,,Nonprofit organization
UnitedHealth Group,https://www.unitedhealthgroup.com/,,,United States,US,,,,,,,,,www-unitedhealthgroup-com,,Large enterprise
University of Illinois,http://illinois.edu/,,https://www.w3.org/thumbnails/120/logos/organizations/51381.png?x-version=2,United States,US,0.0,0.0,0.0,1.0,1.0,0.0,0.0,0.0,illinois-edu,http://illinois.edu/about/index.html,Academia
UsableNet,https://usablenet.com/,,https://www.w3.org/thumbnails/120/logos/organizations/138132.png?x-version=1,United States,US,,,,,,,,,usablenet-com,,Small/Medium Enterprise
"Verisign, Inc.",http://www.verisigninc.com/,,,United States,US,,,,,,,,,www-verisigninc-com,,Large enterprise
Visa,http://www.visa.com,,https://www.w3.org/thumbnails/120/logos/organizations/76927.png?x-version=1,United States,US,0.0,1.0,1.0,0.0,0.0,0.0,0.0,0.0,www-visa-com,,Large enterprise
VitalSource Technologies,http://get.vitalsource.com,,,United States,US,0.0,0.0,0.0,0.0,0.0,1.0,0.0,0.0,get-vitalsource-com,https://get.vitalsource.com/about-us,Large enterprise
Walt Disney Company,http://www.wdig.com,,,United States,US,0.0,0.0,0.0,1.0,1.0,0.0,0.0,0.0,www-wdig-com,http://www.wdig.com/about/#leadership,Large enterprise
Web3D Consortium,http://www.web3d.org,"The Web3D Consortium, like W3C, supports open standardization.
Web3D's open standards for real-time 3D communication include
X3D, a powerful and extensible XML-based ISO standard for 
3D visual effects, behavioral modeling, interaction, and 
interoperability. Web3D membership includes companies, 
institutions, working groups and individuals.",https://www.w3.org/thumbnails/120/logos/organizations/7211.png?x-version=1,United States,US,0.0,0.0,0.0,1.0,1.0,0.0,0.0,0.0,www-web3d-org,http://www.web3d.org/about,Nonprofit organization
Wikimedia Foundation,https://wikimediafoundation.org/,,,United States,US,0.0,0.0,0.0,0.0,1.0,0.0,0.0,1.0,wikimediafoundation-org,https://wikimediafoundation.org/about/,Nonprofit organization
XRDNA,https://xrdna.io/,,,United States,US,,,,,,,,,xrdna-io,,Small/medium enterprise
Yahoo Holdings Inc.,https://www.yahooinc.com,"Yahoo is a global media and tech company that reaches nearly 900 million people around the world, bringing them closer to what they love with the trusted products, content and tech that fuel their day. We provide a full-stack platform for businesses to amplify growth and drive more meaningful connections across advertising, search and media.",https://www.w3.org/thumbnails/120/logos/organizations/133378.png?x-version=3,United States,US,1.0,1.0,1.0,0.0,0.0,0.0,0.0,0.0,www-yahooinc-com,,Large enterprise
Yubico,https://yubico.com,"""Yubico believes that W3C and other open standards are the ultimate path to protecting internet users online. The company donates both time and resources to efforts that support this belief.”",https://www.w3.org/thumbnails/120/logos/organizations/86485.png?x-version=3,United States,US,0.0,0.0,1.0,0.0,0.0,0.0,0.0,0.0,yubico-com,https://yubico.com/why-yubico/about-us/,Nonprofit organization
Zoom,https://www.zoom.us,,https://www.w3.org/thumbnails/120/logos/organizations/125217.png?x-version=3,United States,US,,,,,,,,,www-zoom-us,,Large enterprise
